Model,Train_Accuracy,Test_Accuracy,Train_Precision,Test_Precision,Train_Recall,Test_Recall,Train_F1,Test_F1,Train_ROC_AUC,Test_ROC_AUC,Test_Avg_Precision,True_Negatives,False_Positives,False_Negatives,True_Positives,FPR,FNR,Overfitting_Gap
Best Model,0.6190984148657009,0.6018431606792388,0.12067204575630681,0.09511993382961124,0.7881921280853903,0.6133333333333333,0.20930026572187777,0.16469745793054064,0.7721729776166067,0.6510806819217796,0.10558792641281943,6593,4376,290,460,0.39894247424560125,0.38666666666666666,0.01725525418646212
