Model,Train Acc,Test Acc,Precision,Recall,F1-Score,ROC-AUC
LightGBM,0.6190984148657009,0.6018431606792388,0.09511993382961124,0.6133333333333333,0.16469745793054064,0.6510806819217796
Gradient Boosting,0.9368506389605956,0.9357453707654236,0.0,0.0,0.0,0.6509446622299206
XGBoost,0.6638576579267382,0.6358904343374008,0.09472228624106938,0.548,0.16152485753586165,0.640279454219467
Random Forest,0.8341262560535916,0.784964587422135,0.09990958408679927,0.2946666666666667,0.14922349763673193,0.6270043455799679
Decision Tree,0.5678322275083737,0.5509002474613874,0.0883050538222952,0.6453333333333333,0.15535227090354678,0.6095302519220835
Logistic Regression,0.559874554647665,0.5642119634781124,0.08016958951628445,0.5546666666666666,0.1400909243980468,0.5894353177135564
